fold,n_val,n_sepsis,accuracy,precision,sensitivity,f1,auroc,threshold
1,199,74,0.9748743718592965,0.96,0.972972972972973,0.9664429530201343,0.9843243243243244,0.9970848
2,199,74,0.9698492462311558,0.9358974358974359,0.9864864864864865,0.9605263157894737,0.985027027027027,0.16889173
3,198,73,0.9646464646464646,0.9583333333333334,0.9452054794520548,0.9517241379310345,0.9878904109589042,0.002960086
4,198,73,0.9494949494949495,0.8795180722891566,1.0,0.9358974358974359,0.984054794520548,3.7533398e-06
5,198,73,0.9797979797979798,0.96,0.9863013698630136,0.972972972972973,0.9927671232876711,0.8995812
