Fold,Accuracy,Precision,Sensitivity,F1,AUROC,Threshold
1,0.7998,0.7921,0.7973,0.7946914936454008,0.8312,0.62
2,0.8023,0.7988,0.8015,0.8001477223020684,0.8367,0.62
3,0.7961,0.7843,0.7998,0.791974168297456,0.8289,0.62
4,0.8012,0.7934,0.8056,0.7994534584115073,0.8341,0.62
5,0.8034,0.8012,0.8034,0.8022984918359716,0.8378,0.62
