Model,Patients,Test,Threshold,Test_Accuracy,Test_Precision,Test_Sensitivity,Test_F1,Test_AUROC,Test_AUPRC,GNN_Params,TP,FP,FN,TN
GNN v3 (GAT 3-layer),992,199,0.04360364,0.9447236180904522,0.8888888888888888,0.972972972972973,0.9290322580645162,0.9837837837837837,0.960009010419223,91243,72,9,2,116
