Model,Weights,Threshold,Accuracy,Precision,Sensitivity,F1,AUROC,AUPRC,TP,FN,FP,TN
Ensemble v2 (LR+RF+XGB+GB),"(0.2, 0.2, 0.4, 0.2)",0.23294864733499565,0.8459459459459459,0.81,0.8210344827586207,0.8152542372881356,0.8718083084442031,0.8518564357735309,48,10,11,115
