Model,Weights,Threshold,Accuracy,Precision,Sensitivity,F1,AUROC,AUPRC,TP,FN,FP,TN
Ensemble v2 (LR+RF+XGB+GB),"(0.2, 0.2, 0.4, 0.2)",0.23294864733499565,0.9459459459459459,0.9,0.9310344827586207,0.9152542372881356,0.9818083084442031,0.9718564357735309,54,4,6,121
