Model,Patients,Train,Test,Weights,Threshold,Test_Accuracy,Test_Precision,Test_Sensitivity,Test_F1,Test_AUROC,Test_AUPRC,CV_Accuracy,CV_Precision,CV_Sensitivity,CV_F1,CV_AUROC,TP,FN,FP,TN
Ensemble v3 (LR+RF+XGB+GB),992,793,199,"(0.2, 0.2, 0.4, 0.2)",0.7696535938325115,0.9547738693467337,0.9577464788732394,0.918918918918919,0.9379310344827586,0.9939459459459459,0.9891102167149991,0.9637125019034567,0.9259068526410298,0.9809700111069974,0.9525037386487323,0.9898576823398741,68,6,3,122
