Model,Patients,Test,Threshold,Test_Accuracy,Test_Precision,Test_Sensitivity,Test_F1,Test_AUROC,Test_AUPRC,GNN_Params,TP,FP,FN,TN
GNN v3 (GAT 3-layer),992,199,1.422897e-05,0.9547738693467337,0.9113924050632911,0.972972972972973,0.9411764705882353,0.9777297297297297,0.9366156025528168,91243,72,7,2,118
