Model,Patients,Train,Test,Weights,Threshold,Test_Accuracy,Test_Precision,Test_Sensitivity,Test_F1,Test_AUROC,Test_AUPRC,CV_Accuracy,CV_Precision,CV_Sensitivity,CV_F1,CV_AUROC,TP,FN,FP,TN
Ensemble v3 (LR+RF+XGB+GB),992,694,298,"(0.1, 0.2, 0.5, 0.2)",0.18000000000000005,0.9093959731543624,0.9029126213592233,0.8454545454545455,0.8732394366197183,0.9794003868471954,0.9578702338709661,0.8005600000000002,0.79396,0.80152,0.7977130668984808,0.8337399999999999,93,17,10,178
